{
  "connectorName": "file",
  "connectionName": "SFTP",
  "title": "SFTP Connection Config",
  "help": "<h1>File Connector</h1> <b>The file connector supports Local, FTP, FTPS and SFTP protocols for handling files</b>",
  "elements": [
    {
      "type": "attribute",
      "value": {
        "name": "connectionName",
        "displayName": "Connection Name",
        "inputType": "string",
        "defaultValue": "FILE_CONNECTION_1",
        "required": "true",
        "helpTip": "The name for the file connection",
        "validation": "nameWithoutSpecialCharactors"
      }
    },
    {
      "type": "attributeGroup",
      "value": {
        "groupName": "General",
        "elements": [
          {
            "type": "attributeGroup",
            "value": {
              "groupName": "Basic",
              "elements": [
                {
                  "type": "attribute",
                  "value": {
                    "name": "host",
                    "displayName": "Host",
                    "inputType": "string",
                    "defaultValue": "",
                    "required": "true",
                    "helpTip": "Host name of the FTP server"
                  }
                },
                {
                  "type": "attribute",
                  "value": {
                    "name": "port",
                    "displayName": "Port",
                    "inputType": "string",
                    "defaultValue": "22",
                    "required": "true",
                    "helpTip": "The port number of the FTP server"
                  }
                },
                {
                  "type": "attribute",
                  "value": {
                    "name": "username",
                    "displayName": "Username",
                    "inputType": "string",
                    "defaultValue": "",
                    "required": "false",
                    "helpTip": "Username used to connect with the FTP server"
                  }
                },
                {
                  "type": "attribute",
                  "value": {
                    "name": "password",
                    "displayName": "Password",
                    "inputType": "string",
                    "defaultValue": "",
                    "required": "false",
                    "helpTip": "Password to connect with the FTP server"
                  }
                },
                {
                  "type": "attribute",
                  "value": {
                    "name": "userDirIsRoot",
                    "displayName": "User Directory Is Root",
                    "inputType": "booleanOrExpression",
                    "defaultValue": "",
                    "required": "true",
                    "helpTip": "True if user directory is considered as root directory"
                  }
                },
                {
                  "type": "attribute",
                  "value": {
                    "name": "workingDir",
                    "displayName": "Working Directory",
                    "inputType": "string",
                    "defaultValue": "",
                    "required": "false",
                    "helpTip": "Working directory. File paths in operations should be given w.r.t this folder"
                  }
                },
                {
                  "type": "attribute",
                  "value": {
                    "name": "setAvoidPermission",
                    "displayName": "Avoid Permissions",
                    "inputType": "comboOrExpression",
                    "comboValues": ["false", "true"],
                    "defaultValue": "false",
                    "required": "false",
                    "helpTip": "Set to true if you want to avoid permission check."
                  }
                },
                {
                  "type": "attribute",
                  "value": {
                    "name": "maxActiveConnections",
                    "displayName": "maxActiveConnections",
                    "inputType": "string",
                    "defaultValue": "",
                    "required": "false",
                    "helpTip": " The maximum number of objects (including both idle and active/borrowed) that can exist within the pool at the same time"
                  }
                },
                {
                  "type": "attribute",
                  "value": {
                    "name": "maxIdleConnections",
                    "displayName": "maxIdleConnections",
                    "inputType": "string",
                    "defaultValue": "",
                    "required": "false",
                    "helpTip": "The maximum number of objects that can remain idle in the pool"
                  }
                },
                {
                  "type": "attribute",
                  "value": {
                    "name": "maxWaitTime",
                    "displayName": "maxWaitTime",
                    "inputType": "string",
                    "defaultValue": "",
                    "required": "false",
                    "helpTip": "The maximum amount of time that the borrowObject() method should block"
                  }
                },
                {
                  "type": "attribute",
                  "value": {
                    "name": "evictionCheckInterval",
                    "displayName": "evictionCheckInterval",
                    "inputType": "string",
                    "defaultValue": "",
                    "required": "false",
                    "helpTip": "The time interval between runs of the idle object evictor thread"
                  }
                },
                {
                  "type": "attribute",
                  "value": {
                    "name": "minEvictionTime",
                    "displayName": "minEvictionTime",
                    "inputType": "string",
                    "defaultValue": "",
                    "required": "false",
                    "helpTip": "The minimum amount of time an object must sit idle in the pool before it is eligible for eviction by the idle object evictor "
                  }
                },
                {
                  "type": "attribute",
                  "value": {
                    "name": "exhaustedAction",
                    "displayName": "exhaustedAction",
                    "inputType": "string",
                    "defaultValue": "",
                    "required": "false",
                    "helpTip": "Determines the action to take when the borrowObject() method is called, but the pool is exhausted"
                  }
                },
                {
                  "type": "attribute",
                  "value": {
                    "name": "sftpPoolConnectionAgedTimeout",
                    "displayName": "Connection Pool Aged Timeout",
                    "inputType": "string",
                    "defaultValue": "",
                    "required": "false",
                    "helpTip": "Interval to close connections in the connection pool in seconds"
                  }
                }
              ]
            }
          }
        ]
      }
    },
    {
      "type": "attributeGroup",
      "value": {
        "groupName": "Security",
        "elements": [
          {
            "type": "attribute",
            "value": {
              "name": "strictHostKeyChecking",
              "displayName": "Enable Strict Host Key Check",
              "inputType": "booleanOrExpression",
              "defaultValue": "false",
              "required": "false",
              "helpTip":"Configures the host key checking to use. Default 'no'"
            }
          },
          {
            "type": "attribute",
            "value": {
              "name": "privateKeyFilePath",
              "displayName": "Private Key File",
              "inputType": "stringOrExpression",
              "defaultValue": "",
              "required": "false",
              "helpTip":"The identity files (private key file used to ssh). Public key should be installed on the server."
            }
          },
          {
            "type": "attribute",
            "value": {
              "name": "privateKeyPassword",
              "displayName": "Private Key Passphrase",
              "inputType": "stringOrExpression",
              "defaultValue": "",
              "required": "false",
              "helpTip":"Passphrase of the private key"
            }
          }
        ]
      }
    },
    {
      "type": "attributeGroup",
      "value": {
        "groupName": "Advanced",
        "elements": [
          {
            "type": "attribute",
            "value": {
              "name": "sftpConnectionTimeout",
              "displayName": "SFTP Connection Timeout",
              "inputType": "stringOrExpression",
              "defaultValue": "100000",
              "required": "no",
              "helpTip":"Timeout value to create a Jsch connection"
            }
          },
          {
            "type": "attribute",
            "value": {
              "name": "sftpSessionTimeout",
              "displayName": "SFTP  Session Timeout",
              "inputType": "stringOrExpression",
              "defaultValue": "150000",
              "required": "false",
              "helpTip":"Timeout value on Jsch session"
            }
          },
          {
            "type": "attribute",
            "value": {
              "name": "fileLockScheme",
              "displayName": "File Locking Behaviour",
              "inputType": "comboOrExpression",
              "comboValues": ["Local", "Cluster"],
              "defaultValue": "Local",
              "required": "true",
              "helpTip":"File Locking Behaviour to use in operations associated with this connection."
            }
          }
        ]
      }
    }
  ]
}
